--
-- PostgreSQL database dump
--

-- Dumped from database version 12.9 (Ubuntu 12.9-2.pgdg20.04+1)
-- Dumped by pg_dump version 12.9 (Ubuntu 12.9-2.pgdg20.04+1)

SET statement_timeout = 0;
SET lock_timeout = 0;
SET idle_in_transaction_session_timeout = 0;
SET client_encoding = 'UTF8';
SET standard_conforming_strings = on;
SELECT pg_catalog.set_config('search_path', '', false);
SET check_function_bodies = false;
SET xmloption = content;
SET client_min_messages = warning;
SET row_security = off;

DROP DATABASE universe;
--
-- Name: universe; Type: DATABASE; Schema: -; Owner: freecodecamp
--

CREATE DATABASE universe WITH TEMPLATE = template0 ENCODING = 'UTF8' LC_COLLATE = 'C.UTF-8' LC_CTYPE = 'C.UTF-8';


ALTER DATABASE universe OWNER TO freecodecamp;

\connect universe

SET statement_timeout = 0;
SET lock_timeout = 0;
SET idle_in_transaction_session_timeout = 0;
SET client_encoding = 'UTF8';
SET standard_conforming_strings = on;
SELECT pg_catalog.set_config('search_path', '', false);
SET check_function_bodies = false;
SET xmloption = content;
SET client_min_messages = warning;
SET row_security = off;

SET default_tablespace = '';

SET default_table_access_method = heap;

--
-- Name: galaxy; Type: TABLE; Schema: public; Owner: freecodecamp
--

CREATE TABLE public.galaxy (
    galaxy_id integer NOT NULL,
    name character varying(255) NOT NULL,
    galaxy_type text NOT NULL,
    age_in_millions_of_years numeric(6,1),
    distance_from_earth numeric(3,2)
);


ALTER TABLE public.galaxy OWNER TO freecodecamp;

--
-- Name: galaxy_galaxy_id_seq; Type: SEQUENCE; Schema: public; Owner: freecodecamp
--

ALTER TABLE public.galaxy ALTER COLUMN galaxy_id ADD GENERATED BY DEFAULT AS IDENTITY (
    SEQUENCE NAME public.galaxy_galaxy_id_seq
    START WITH 1
    INCREMENT BY 1
    NO MINVALUE
    NO MAXVALUE
    CACHE 1
);


--
-- Name: moon; Type: TABLE; Schema: public; Owner: freecodecamp
--

CREATE TABLE public.moon (
    moon_id integer NOT NULL,
    name character varying(70) NOT NULL,
    planet_id integer,
    star_id integer,
    galaxy_id integer,
    distance_to_reference_planet_in_thousand_km numeric(8,2)
);


ALTER TABLE public.moon OWNER TO freecodecamp;

--
-- Name: moon_moon_id_seq; Type: SEQUENCE; Schema: public; Owner: freecodecamp
--

ALTER TABLE public.moon ALTER COLUMN moon_id ADD GENERATED BY DEFAULT AS IDENTITY (
    SEQUENCE NAME public.moon_moon_id_seq
    START WITH 1
    INCREMENT BY 1
    NO MINVALUE
    NO MAXVALUE
    CACHE 1
);


--
-- Name: planet; Type: TABLE; Schema: public; Owner: freecodecamp
--

CREATE TABLE public.planet (
    planet_id integer NOT NULL,
    name character varying(255) NOT NULL,
    star_id integer,
    galaxy_id integer,
    planet_type text,
    age_in_millions_of_years numeric(6,2),
    distance_from_earth_thousand_km integer
);


ALTER TABLE public.planet OWNER TO freecodecamp;

--
-- Name: planet_description; Type: TABLE; Schema: public; Owner: freecodecamp
--

CREATE TABLE public.planet_description (
    planet_description_id integer NOT NULL,
    diametr_km numeric(6,2),
    planet_id integer,
    name character varying(255) NOT NULL,
    value boolean
);


ALTER TABLE public.planet_description OWNER TO freecodecamp;

--
-- Name: planet_description_planet_description_id_seq; Type: SEQUENCE; Schema: public; Owner: freecodecamp
--

ALTER TABLE public.planet_description ALTER COLUMN planet_description_id ADD GENERATED BY DEFAULT AS IDENTITY (
    SEQUENCE NAME public.planet_description_planet_description_id_seq
    START WITH 1
    INCREMENT BY 1
    NO MINVALUE
    NO MAXVALUE
    CACHE 1
);


--
-- Name: planet_planet_id_seq; Type: SEQUENCE; Schema: public; Owner: freecodecamp
--

ALTER TABLE public.planet ALTER COLUMN planet_id ADD GENERATED BY DEFAULT AS IDENTITY (
    SEQUENCE NAME public.planet_planet_id_seq
    START WITH 1
    INCREMENT BY 1
    NO MINVALUE
    NO MAXVALUE
    CACHE 1
);


--
-- Name: star; Type: TABLE; Schema: public; Owner: freecodecamp
--

CREATE TABLE public.star (
    star_id integer NOT NULL,
    name character varying(60) NOT NULL,
    galaxy_id integer,
    age_in_millions_of_years numeric(6,2),
    distance_from_earth_light_years integer,
    value boolean
);


ALTER TABLE public.star OWNER TO freecodecamp;

--
-- Name: star_star_id_seq; Type: SEQUENCE; Schema: public; Owner: freecodecamp
--

ALTER TABLE public.star ALTER COLUMN star_id ADD GENERATED BY DEFAULT AS IDENTITY (
    SEQUENCE NAME public.star_star_id_seq
    START WITH 1
    INCREMENT BY 1
    NO MINVALUE
    NO MAXVALUE
    CACHE 1
);


--
-- Data for Name: galaxy; Type: TABLE DATA; Schema: public; Owner: freecodecamp
--

INSERT INTO public.galaxy VALUES (1, 'Milky Way', 'bared spiral galaxy', 10000.0, NULL);
INSERT INTO public.galaxy VALUES (2, 'Andromeda galaxy', 'bared spiral galaxy', 10000.0, 2.70);
INSERT INTO public.galaxy VALUES (3, 'Magellanic Clouds', 'irregular dwarf galaxy', 12000.0, 0.16);
INSERT INTO public.galaxy VALUES (5, 'Sombrero galaxy', 'peculiar galaxy', 13250.0, NULL);
INSERT INTO public.galaxy VALUES (6, 'Messier 82', 'starburst galaxy', 13300.0, NULL);
INSERT INTO public.galaxy VALUES (4, 'Whirlpool galaxy', 'grand-design spiral galaxy', 400.3, NULL);


--
-- Data for Name: moon; Type: TABLE DATA; Schema: public; Owner: freecodecamp
--

INSERT INTO public.moon VALUES (1, 'Phobos', 4, 1, 1, 6.01);
INSERT INTO public.moon VALUES (2, 'Deimos', 4, 1, 1, 23.50);
INSERT INTO public.moon VALUES (3, 'Moon', 3, 1, 1, 384.47);
INSERT INTO public.moon VALUES (4, 'Metis', 5, 1, 1, 127.97);
INSERT INTO public.moon VALUES (5, 'Adrastea', 5, 1, 1, 129.00);
INSERT INTO public.moon VALUES (6, 'Amalthea', 5, 1, 1, 181.15);
INSERT INTO public.moon VALUES (7, 'Thebe', 5, 1, 1, 218.00);
INSERT INTO public.moon VALUES (8, 'Io', 5, 1, 1, 420.00);
INSERT INTO public.moon VALUES (9, 'Europa', 5, 1, 1, 664.86);
INSERT INTO public.moon VALUES (10, 'Ganymede', 5, 1, 1, 1069.20);
INSERT INTO public.moon VALUES (11, 'Calisto', 5, 1, 1, 1869.00);
INSERT INTO public.moon VALUES (12, 'Themisto', 5, 1, 1, NULL);
INSERT INTO public.moon VALUES (13, 'Leda', 5, 1, 1, NULL);
INSERT INTO public.moon VALUES (14, 'Ersa', 5, 1, 1, 11483.00);
INSERT INTO public.moon VALUES (15, 'Himalia', 5, 1, 1, 11388.69);
INSERT INTO public.moon VALUES (16, 'Pandia', 5, 1, 1, 11525.00);
INSERT INTO public.moon VALUES (17, 'Lysithea', 5, 1, 1, 11700.71);
INSERT INTO public.moon VALUES (18, 'Elara', 5, 1, 1, 11703.13);
INSERT INTO public.moon VALUES (19, 'Dia', 5, 1, 1, 12118.00);
INSERT INTO public.moon VALUES (20, 'Capro', 5, 1, 1, 16989.00);


--
-- Data for Name: planet; Type: TABLE DATA; Schema: public; Owner: freecodecamp
--

INSERT INTO public.planet VALUES (1, 'Mercury', 1, 1, 'terrestrial planet', 4503.00, 82000);
INSERT INTO public.planet VALUES (2, 'Venus', 1, 1, 'terrestrial planet', 4503.00, 38000);
INSERT INTO public.planet VALUES (3, 'Earth', 1, 1, 'terrestrial planet', 4543.00, NULL);
INSERT INTO public.planet VALUES (4, 'Mars', 1, 1, 'terrestrial planet', 4603.00, 249261);
INSERT INTO public.planet VALUES (5, 'Jupiter', 1, 1, 'gas giant', 4603.00, 588000);
INSERT INTO public.planet VALUES (6, 'Saturn', 1, 1, 'gas giant', 4503.00, 1195000);
INSERT INTO public.planet VALUES (7, 'Uranus', 1, 1, 'ice giant', 4503.00, 2600000);
INSERT INTO public.planet VALUES (8, 'Neptune', 1, 1, 'ice giant', 4503.00, 4300000);
INSERT INTO public.planet VALUES (9, 'Pluto', 1, 1, 'dwarf planet', 4603.00, 5000000);
INSERT INTO public.planet VALUES (10, 'Kepler-438 b', 7, 1, 'exoplanet', NULL, 444654332);
INSERT INTO public.planet VALUES (11, 'Kepler-452 b', 8, 1, 'exoplanet', NULL, NULL);
INSERT INTO public.planet VALUES (12, 'Proxima-b', 9, 1, 'exoplanet', NULL, NULL);


--
-- Data for Name: planet_description; Type: TABLE DATA; Schema: public; Owner: freecodecamp
--

INSERT INTO public.planet_description VALUES (1, 6378.10, 3, 'Earth', NULL);
INSERT INTO public.planet_description VALUES (2, 3396.20, 4, 'Mars', NULL);
INSERT INTO public.planet_description VALUES (3, 2439.70, 1, 'Mercury', NULL);


--
-- Data for Name: star; Type: TABLE DATA; Schema: public; Owner: freecodecamp
--

INSERT INTO public.star VALUES (1, 'Sun', 1, 4600.00, 0, NULL);
INSERT INTO public.star VALUES (2, 'Mirakh', 2, 6000.00, 199, NULL);
INSERT INTO public.star VALUES (3, 'Alpheratz', 2, 60.00, 97, NULL);
INSERT INTO public.star VALUES (4, 'Zeta Andromedae', 2, NULL, 189, NULL);
INSERT INTO public.star VALUES (5, '4 Andromedae', 2, 2240.00, 337, NULL);
INSERT INTO public.star VALUES (6, 'Chi Andromedae', 2, NULL, 257, NULL);
INSERT INTO public.star VALUES (7, 'Kepler-438', 1, NULL, 470, NULL);
INSERT INTO public.star VALUES (8, 'Kepler-452', 1, NULL, 1400, NULL);
INSERT INTO public.star VALUES (9, 'Proxima', 1, NULL, 4, NULL);


--
-- Name: galaxy_galaxy_id_seq; Type: SEQUENCE SET; Schema: public; Owner: freecodecamp
--

SELECT pg_catalog.setval('public.galaxy_galaxy_id_seq', 6, true);


--
-- Name: moon_moon_id_seq; Type: SEQUENCE SET; Schema: public; Owner: freecodecamp
--

SELECT pg_catalog.setval('public.moon_moon_id_seq', 20, true);


--
-- Name: planet_description_planet_description_id_seq; Type: SEQUENCE SET; Schema: public; Owner: freecodecamp
--

SELECT pg_catalog.setval('public.planet_description_planet_description_id_seq', 3, true);


--
-- Name: planet_planet_id_seq; Type: SEQUENCE SET; Schema: public; Owner: freecodecamp
--

SELECT pg_catalog.setval('public.planet_planet_id_seq', 12, true);


--
-- Name: star_star_id_seq; Type: SEQUENCE SET; Schema: public; Owner: freecodecamp
--

SELECT pg_catalog.setval('public.star_star_id_seq', 9, true);


--
-- Name: galaxy galaxy_name_key; Type: CONSTRAINT; Schema: public; Owner: freecodecamp
--

ALTER TABLE ONLY public.galaxy
    ADD CONSTRAINT galaxy_name_key UNIQUE (name);


--
-- Name: galaxy galaxy_pkey; Type: CONSTRAINT; Schema: public; Owner: freecodecamp
--

ALTER TABLE ONLY public.galaxy
    ADD CONSTRAINT galaxy_pkey PRIMARY KEY (galaxy_id);


--
-- Name: moon moon_name_key; Type: CONSTRAINT; Schema: public; Owner: freecodecamp
--

ALTER TABLE ONLY public.moon
    ADD CONSTRAINT moon_name_key UNIQUE (name);


--
-- Name: moon moon_pkey; Type: CONSTRAINT; Schema: public; Owner: freecodecamp
--

ALTER TABLE ONLY public.moon
    ADD CONSTRAINT moon_pkey PRIMARY KEY (moon_id);


--
-- Name: planet_description planet_description_name_key; Type: CONSTRAINT; Schema: public; Owner: freecodecamp
--

ALTER TABLE ONLY public.planet_description
    ADD CONSTRAINT planet_description_name_key UNIQUE (name);


--
-- Name: planet_description planet_description_pkey; Type: CONSTRAINT; Schema: public; Owner: freecodecamp
--

ALTER TABLE ONLY public.planet_description
    ADD CONSTRAINT planet_description_pkey PRIMARY KEY (planet_description_id);


--
-- Name: planet planet_name_key; Type: CONSTRAINT; Schema: public; Owner: freecodecamp
--

ALTER TABLE ONLY public.planet
    ADD CONSTRAINT planet_name_key UNIQUE (name);


--
-- Name: planet planet_pkey; Type: CONSTRAINT; Schema: public; Owner: freecodecamp
--

ALTER TABLE ONLY public.planet
    ADD CONSTRAINT planet_pkey PRIMARY KEY (planet_id);


--
-- Name: star star_name_key; Type: CONSTRAINT; Schema: public; Owner: freecodecamp
--

ALTER TABLE ONLY public.star
    ADD CONSTRAINT star_name_key UNIQUE (name);


--
-- Name: star star_pkey; Type: CONSTRAINT; Schema: public; Owner: freecodecamp
--

ALTER TABLE ONLY public.star
    ADD CONSTRAINT star_pkey PRIMARY KEY (star_id);


--
-- Name: moon moon_galaxy_id_fkey; Type: FK CONSTRAINT; Schema: public; Owner: freecodecamp
--

ALTER TABLE ONLY public.moon
    ADD CONSTRAINT moon_galaxy_id_fkey FOREIGN KEY (galaxy_id) REFERENCES public.galaxy(galaxy_id);


--
-- Name: moon moon_planet_id_fkey; Type: FK CONSTRAINT; Schema: public; Owner: freecodecamp
--

ALTER TABLE ONLY public.moon
    ADD CONSTRAINT moon_planet_id_fkey FOREIGN KEY (planet_id) REFERENCES public.planet(planet_id);


--
-- Name: moon moon_star_id_fkey; Type: FK CONSTRAINT; Schema: public; Owner: freecodecamp
--

ALTER TABLE ONLY public.moon
    ADD CONSTRAINT moon_star_id_fkey FOREIGN KEY (star_id) REFERENCES public.star(star_id);


--
-- Name: planet_description planet_description_planet_id_fkey; Type: FK CONSTRAINT; Schema: public; Owner: freecodecamp
--

ALTER TABLE ONLY public.planet_description
    ADD CONSTRAINT planet_description_planet_id_fkey FOREIGN KEY (planet_id) REFERENCES public.planet(planet_id);


--
-- Name: planet planet_galaxy_id_fkey; Type: FK CONSTRAINT; Schema: public; Owner: freecodecamp
--

ALTER TABLE ONLY public.planet
    ADD CONSTRAINT planet_galaxy_id_fkey FOREIGN KEY (galaxy_id) REFERENCES public.galaxy(galaxy_id);


--
-- Name: planet planet_star_id_fkey; Type: FK CONSTRAINT; Schema: public; Owner: freecodecamp
--

ALTER TABLE ONLY public.planet
    ADD CONSTRAINT planet_star_id_fkey FOREIGN KEY (star_id) REFERENCES public.star(star_id);


--
-- Name: star star_galaxy_id_fkey; Type: FK CONSTRAINT; Schema: public; Owner: freecodecamp
--

ALTER TABLE ONLY public.star
    ADD CONSTRAINT star_galaxy_id_fkey FOREIGN KEY (galaxy_id) REFERENCES public.galaxy(galaxy_id);


--
-- PostgreSQL database dump complete
--

